id,uid,payload,qrFile,locationId,productId
"43683995-a44f-4d5e-9640-98d6bcbe4fb9","19E6EE51C4184BD8","http://localhost:3000/r?uid=19E6EE51C4184BD8","qr_43683995-a44f-4d5e-9640-98d6bcbe4fb9.png","710dbefee1726a830e5e5f8e055d6050",""
"a3e2296c-7bfb-43bf-9a55-f1d58c07a913","CD1D041DC34346C8","http://localhost:3000/r?uid=CD1D041DC34346C8","qr_a3e2296c-7bfb-43bf-9a55-f1d58c07a913.png","710dbefee1726a830e5e5f8e055d6050",""
"7a104713-4ac5-458a-ac21-093cac7185bc","597D96F2B4144481","http://localhost:3000/r?uid=597D96F2B4144481","qr_7a104713-4ac5-458a-ac21-093cac7185bc.png","710dbefee1726a830e5e5f8e055d6050",""
"e793af02-111d-4124-9c94-a6c14cc2399d","B59019B391AA48D9","http://localhost:3000/r?uid=B59019B391AA48D9","qr_e793af02-111d-4124-9c94-a6c14cc2399d.png","710dbefee1726a830e5e5f8e055d6050",""
"56f6f3e2-6f81-49eb-8c3d-dbae25920c33","CCE78879D4304C4B","http://localhost:3000/r?uid=CCE78879D4304C4B","qr_56f6f3e2-6f81-49eb-8c3d-dbae25920c33.png","710dbefee1726a830e5e5f8e055d6050",""
"6a0caf1f-6c46-46d8-be25-7484a0f362a1","B6CF9C3A63414ABE","http://localhost:3000/r?uid=B6CF9C3A63414ABE","qr_6a0caf1f-6c46-46d8-be25-7484a0f362a1.png","710dbefee1726a830e5e5f8e055d6050",""
"bb8a08ff-162e-4ead-a270-79fdb083b265","11D16C5DD95C4D79","http://localhost:3000/r?uid=11D16C5DD95C4D79","qr_bb8a08ff-162e-4ead-a270-79fdb083b265.png","710dbefee1726a830e5e5f8e055d6050",""
"4d1279f0-2c0b-479d-b4ed-24dfcf79a8b0","9ECB3DD689A44D55","http://localhost:3000/r?uid=9ECB3DD689A44D55","qr_4d1279f0-2c0b-479d-b4ed-24dfcf79a8b0.png","710dbefee1726a830e5e5f8e055d6050",""
"f0a01c8f-cb3d-405e-9b7f-3e2791efa945","10A4C64C98FD495E","http://localhost:3000/r?uid=10A4C64C98FD495E","qr_f0a01c8f-cb3d-405e-9b7f-3e2791efa945.png","710dbefee1726a830e5e5f8e055d6050",""
"2db9bf99-2721-4615-be92-c58281938c44","80AF111CBE984497","http://localhost:3000/r?uid=80AF111CBE984497","qr_2db9bf99-2721-4615-be92-c58281938c44.png","710dbefee1726a830e5e5f8e055d6050",""
"22d5a9da-66ec-4f99-8af8-ef626aa23dea","E7114737DEEC479B","http://localhost:3000/r?uid=E7114737DEEC479B","qr_22d5a9da-66ec-4f99-8af8-ef626aa23dea.png","710dbefee1726a830e5e5f8e055d6050",""
"4059aa57-827c-49f8-bdf8-15038b0c788e","B3B1B63CD8B9406A","http://localhost:3000/r?uid=B3B1B63CD8B9406A","qr_4059aa57-827c-49f8-bdf8-15038b0c788e.png","710dbefee1726a830e5e5f8e055d6050",""
"fa9311e5-b107-480b-9b7b-0a86d9fdc2ff","476068B47A8648E8","http://localhost:3000/r?uid=476068B47A8648E8","qr_fa9311e5-b107-480b-9b7b-0a86d9fdc2ff.png","710dbefee1726a830e5e5f8e055d6050",""
"40ca55e3-305b-40b3-9f86-64d3349c5a4d","868EB8E329F24B48","http://localhost:3000/r?uid=868EB8E329F24B48","qr_40ca55e3-305b-40b3-9f86-64d3349c5a4d.png","710dbefee1726a830e5e5f8e055d6050",""
"58a850b3-b6d2-4ca4-97c6-6cad08952e9c","25B995F91C234EE3","http://localhost:3000/r?uid=25B995F91C234EE3","qr_58a850b3-b6d2-4ca4-97c6-6cad08952e9c.png","710dbefee1726a830e5e5f8e055d6050",""
"f15c3a8c-562a-4fa2-b91b-7c4e643c4e26","B1122438F6AA4CDF","http://localhost:3000/r?uid=B1122438F6AA4CDF","qr_f15c3a8c-562a-4fa2-b91b-7c4e643c4e26.png","710dbefee1726a830e5e5f8e055d6050",""
"e93186c5-7616-4891-b1fb-61c3646240db","38B8340C17BE439F","http://localhost:3000/r?uid=38B8340C17BE439F","qr_e93186c5-7616-4891-b1fb-61c3646240db.png","710dbefee1726a830e5e5f8e055d6050",""
"904d8e28-1aae-41ab-b8f7-c0e2bdd82f88","08636D6D48FE4A50","http://localhost:3000/r?uid=08636D6D48FE4A50","qr_904d8e28-1aae-41ab-b8f7-c0e2bdd82f88.png","710dbefee1726a830e5e5f8e055d6050",""
"b0c91bc1-66d1-4921-adf8-eda13534d80e","76082063442D4CDD","http://localhost:3000/r?uid=76082063442D4CDD","qr_b0c91bc1-66d1-4921-adf8-eda13534d80e.png","710dbefee1726a830e5e5f8e055d6050",""
"d40cbd84-6523-46bc-9bf1-4530f590e880","29AA11EDEDC3475F","http://localhost:3000/r?uid=29AA11EDEDC3475F","qr_d40cbd84-6523-46bc-9bf1-4530f590e880.png","710dbefee1726a830e5e5f8e055d6050",""
"7aec8638-6ecb-4e55-862a-1ee27d261ca3","81364E47ECE54EC5","http://localhost:3000/r?uid=81364E47ECE54EC5","qr_7aec8638-6ecb-4e55-862a-1ee27d261ca3.png","710dbefee1726a830e5e5f8e055d6050",""
"1939cb30-460d-463a-91bf-ebdd71f428c2","7AFA974FCDC74C14","http://localhost:3000/r?uid=7AFA974FCDC74C14","qr_1939cb30-460d-463a-91bf-ebdd71f428c2.png","710dbefee1726a830e5e5f8e055d6050",""
"bba7775f-5d41-4b37-a8fc-67923f451c20","74BB8CA5048B426A","http://localhost:3000/r?uid=74BB8CA5048B426A","qr_bba7775f-5d41-4b37-a8fc-67923f451c20.png","710dbefee1726a830e5e5f8e055d6050",""
"bd5348ee-d379-4b7a-9848-f97baf57b8d8","8F295C1F9CD3439B","http://localhost:3000/r?uid=8F295C1F9CD3439B","qr_bd5348ee-d379-4b7a-9848-f97baf57b8d8.png","710dbefee1726a830e5e5f8e055d6050",""
"ec3a6911-f6ab-4f55-a423-f33a10314cc4","A98E5068991643E0","http://localhost:3000/r?uid=A98E5068991643E0","qr_ec3a6911-f6ab-4f55-a423-f33a10314cc4.png","710dbefee1726a830e5e5f8e055d6050",""
"c1535ea7-ab5e-44c4-af2e-7ca87feffb5f","5F535B87852B4B58","http://localhost:3000/r?uid=5F535B87852B4B58","qr_c1535ea7-ab5e-44c4-af2e-7ca87feffb5f.png","710dbefee1726a830e5e5f8e055d6050",""
"0715a752-1654-48ac-b6ed-09607f9e80bb","93D59D2CBC4241B0","http://localhost:3000/r?uid=93D59D2CBC4241B0","qr_0715a752-1654-48ac-b6ed-09607f9e80bb.png","710dbefee1726a830e5e5f8e055d6050",""
"bfd545c2-a6e5-4cd2-af54-c01500594da4","6511C72E7E764890","http://localhost:3000/r?uid=6511C72E7E764890","qr_bfd545c2-a6e5-4cd2-af54-c01500594da4.png","710dbefee1726a830e5e5f8e055d6050",""
"ac4cd5c2-4fac-48d0-a1c5-f1f43a01f768","BC486514D6244591","http://localhost:3000/r?uid=BC486514D6244591","qr_ac4cd5c2-4fac-48d0-a1c5-f1f43a01f768.png","710dbefee1726a830e5e5f8e055d6050",""
"e90a548b-9c3d-4307-8928-a70a564af34c","3CA8D90035CF492D","http://localhost:3000/r?uid=3CA8D90035CF492D","qr_e90a548b-9c3d-4307-8928-a70a564af34c.png","710dbefee1726a830e5e5f8e055d6050",""
"9a75c855-5ace-44a9-8766-14cf464b94fa","170A82EC7D1C4B23","http://localhost:3000/r?uid=170A82EC7D1C4B23","qr_9a75c855-5ace-44a9-8766-14cf464b94fa.png","710dbefee1726a830e5e5f8e055d6050",""
"146e1349-bc24-4b9a-8e14-c8854b3cc5b3","DC241C87E58C44B6","http://localhost:3000/r?uid=DC241C87E58C44B6","qr_146e1349-bc24-4b9a-8e14-c8854b3cc5b3.png","710dbefee1726a830e5e5f8e055d6050",""
"79165910-5b81-4d12-af56-1367cffb66bf","8E51E3778A10441B","http://localhost:3000/r?uid=8E51E3778A10441B","qr_79165910-5b81-4d12-af56-1367cffb66bf.png","710dbefee1726a830e5e5f8e055d6050",""
"79c8f83d-9103-4594-8472-30fdfa6f98aa","BE59C7CDCD0F48EA","http://localhost:3000/r?uid=BE59C7CDCD0F48EA","qr_79c8f83d-9103-4594-8472-30fdfa6f98aa.png","710dbefee1726a830e5e5f8e055d6050",""
"f6bcca12-1f8d-4bc2-8c51-8e9c18009f7a","2062BC11605B4C9C","http://localhost:3000/r?uid=2062BC11605B4C9C","qr_f6bcca12-1f8d-4bc2-8c51-8e9c18009f7a.png","710dbefee1726a830e5e5f8e055d6050",""
"7f01f286-1f03-4906-9238-217e7c38ff03","BEDF58CAF35F4530","http://localhost:3000/r?uid=BEDF58CAF35F4530","qr_7f01f286-1f03-4906-9238-217e7c38ff03.png","710dbefee1726a830e5e5f8e055d6050",""
"69d254c9-80fb-41c3-a679-d46b7d014aa3","DF7E6672E9A547A5","http://localhost:3000/r?uid=DF7E6672E9A547A5","qr_69d254c9-80fb-41c3-a679-d46b7d014aa3.png","710dbefee1726a830e5e5f8e055d6050",""
"fc02f2c6-ab40-472b-a6d1-09f858cfd8da","12BA224D8BA0429D","http://localhost:3000/r?uid=12BA224D8BA0429D","qr_fc02f2c6-ab40-472b-a6d1-09f858cfd8da.png","710dbefee1726a830e5e5f8e055d6050",""
"f11f7d4b-7a36-42d4-8ab5-3e18fc560829","C759EB457EB24D44","http://localhost:3000/r?uid=C759EB457EB24D44","qr_f11f7d4b-7a36-42d4-8ab5-3e18fc560829.png","710dbefee1726a830e5e5f8e055d6050",""
"4f0b4404-0330-4466-861a-79d2e02ed302","96A6CD0E2A184172","http://localhost:3000/r?uid=96A6CD0E2A184172","qr_4f0b4404-0330-4466-861a-79d2e02ed302.png","710dbefee1726a830e5e5f8e055d6050",""
"6c5d8e60-2a39-46de-b72e-e146ac30a82b","2C13C3B0803A48E3","http://localhost:3000/r?uid=2C13C3B0803A48E3","qr_6c5d8e60-2a39-46de-b72e-e146ac30a82b.png","710dbefee1726a830e5e5f8e055d6050",""
"be44eda0-3dfb-475c-8a19-2cee51875433","9944499766CC422D","http://localhost:3000/r?uid=9944499766CC422D","qr_be44eda0-3dfb-475c-8a19-2cee51875433.png","710dbefee1726a830e5e5f8e055d6050",""
"80d34138-3d4d-4452-a323-48f0321c2e16","0C5524E82C3A40C2","http://localhost:3000/r?uid=0C5524E82C3A40C2","qr_80d34138-3d4d-4452-a323-48f0321c2e16.png","710dbefee1726a830e5e5f8e055d6050",""
"bb9768e7-204d-4948-9616-b5cbe3cede84","2BE90C07BEB140A9","http://localhost:3000/r?uid=2BE90C07BEB140A9","qr_bb9768e7-204d-4948-9616-b5cbe3cede84.png","710dbefee1726a830e5e5f8e055d6050",""
"6429296f-6a10-4f94-8ad2-52a1933cef2e","CC76E08231644D77","http://localhost:3000/r?uid=CC76E08231644D77","qr_6429296f-6a10-4f94-8ad2-52a1933cef2e.png","710dbefee1726a830e5e5f8e055d6050",""
"0647fe59-fbb9-4ae4-bdd3-b407ce2ea59f","9E94E8F7D6CE44E3","http://localhost:3000/r?uid=9E94E8F7D6CE44E3","qr_0647fe59-fbb9-4ae4-bdd3-b407ce2ea59f.png","710dbefee1726a830e5e5f8e055d6050",""
"7c531f26-f216-4bf6-8e80-5563b05a9095","FF5EDED3960C477D","http://localhost:3000/r?uid=FF5EDED3960C477D","qr_7c531f26-f216-4bf6-8e80-5563b05a9095.png","710dbefee1726a830e5e5f8e055d6050",""
"44719694-abb1-4c11-8fa5-171ba88c0eab","0AD447F231844C69","http://localhost:3000/r?uid=0AD447F231844C69","qr_44719694-abb1-4c11-8fa5-171ba88c0eab.png","710dbefee1726a830e5e5f8e055d6050",""
"3bca41e1-ebae-4c36-82e1-7479caa6116c","5F8EAFB5258C4D30","http://localhost:3000/r?uid=5F8EAFB5258C4D30","qr_3bca41e1-ebae-4c36-82e1-7479caa6116c.png","710dbefee1726a830e5e5f8e055d6050",""
"45e8ef3e-b8c8-48cf-82b8-cff246e01f63","EDC71DC4A4574545","http://localhost:3000/r?uid=EDC71DC4A4574545","qr_45e8ef3e-b8c8-48cf-82b8-cff246e01f63.png","710dbefee1726a830e5e5f8e055d6050",""
"38829153-4e3d-43a8-a316-5235559894d4","12DBAC0D04514964","http://localhost:3000/r?uid=12DBAC0D04514964","qr_38829153-4e3d-43a8-a316-5235559894d4.png","710dbefee1726a830e5e5f8e055d6050",""
"67e27035-73b4-4eeb-b971-78286671b63f","166123A2C8E24A0E","http://localhost:3000/r?uid=166123A2C8E24A0E","qr_67e27035-73b4-4eeb-b971-78286671b63f.png","710dbefee1726a830e5e5f8e055d6050",""
"cc70a9a7-bf50-453d-ae59-81e461d58eb9","AAC26BA137574D85","http://localhost:3000/r?uid=AAC26BA137574D85","qr_cc70a9a7-bf50-453d-ae59-81e461d58eb9.png","710dbefee1726a830e5e5f8e055d6050",""
"dd1b325b-fae0-4d4b-8201-40e9ba60af42","64A3BE4D46D44FD5","http://localhost:3000/r?uid=64A3BE4D46D44FD5","qr_dd1b325b-fae0-4d4b-8201-40e9ba60af42.png","710dbefee1726a830e5e5f8e055d6050",""
"96159b1b-db8b-4405-846f-4c3737cfcc00","00FD793C48AE4F58","http://localhost:3000/r?uid=00FD793C48AE4F58","qr_96159b1b-db8b-4405-846f-4c3737cfcc00.png","710dbefee1726a830e5e5f8e055d6050",""
"8253f532-0c1a-4d15-a678-8e793c5440cd","0BE01D62D67B48A3","http://localhost:3000/r?uid=0BE01D62D67B48A3","qr_8253f532-0c1a-4d15-a678-8e793c5440cd.png","710dbefee1726a830e5e5f8e055d6050",""
"8ac97019-716a-4296-92fe-472be494787e","8F70915C0D4A43AA","http://localhost:3000/r?uid=8F70915C0D4A43AA","qr_8ac97019-716a-4296-92fe-472be494787e.png","710dbefee1726a830e5e5f8e055d6050",""
"f41bc73f-848e-4ede-bdc3-9040f9ab451d","CF80A48A3BAD40A1","http://localhost:3000/r?uid=CF80A48A3BAD40A1","qr_f41bc73f-848e-4ede-bdc3-9040f9ab451d.png","710dbefee1726a830e5e5f8e055d6050",""
"e136e72e-470c-4e8c-9bcc-179d8e080369","C1392FC8DAF94964","http://localhost:3000/r?uid=C1392FC8DAF94964","qr_e136e72e-470c-4e8c-9bcc-179d8e080369.png","710dbefee1726a830e5e5f8e055d6050",""
"927e65f8-68e9-4397-b12a-77c9050c4ab4","EC4F6D8A754E4D62","http://localhost:3000/r?uid=EC4F6D8A754E4D62","qr_927e65f8-68e9-4397-b12a-77c9050c4ab4.png","710dbefee1726a830e5e5f8e055d6050",""
"422002ff-73a1-432e-9777-40554bd9785d","0050AEB7B78E439B","http://localhost:3000/r?uid=0050AEB7B78E439B","qr_422002ff-73a1-432e-9777-40554bd9785d.png","710dbefee1726a830e5e5f8e055d6050",""
"dfa8eba7-32b1-4cf3-9022-f346a9ec9f5d","FE9397D0782B426B","http://localhost:3000/r?uid=FE9397D0782B426B","qr_dfa8eba7-32b1-4cf3-9022-f346a9ec9f5d.png","710dbefee1726a830e5e5f8e055d6050",""
"9f0490cc-e685-4a80-b80d-8984923ba332","172966F55DEF4A31","http://localhost:3000/r?uid=172966F55DEF4A31","qr_9f0490cc-e685-4a80-b80d-8984923ba332.png","710dbefee1726a830e5e5f8e055d6050",""
"c23bc699-b872-4bf2-be32-7688de2b1ae4","C69481BC3B354E07","http://localhost:3000/r?uid=C69481BC3B354E07","qr_c23bc699-b872-4bf2-be32-7688de2b1ae4.png","710dbefee1726a830e5e5f8e055d6050",""
"61e2f84a-5633-4958-8b02-51810e86fb4b","F0CBC249622A4006","http://localhost:3000/r?uid=F0CBC249622A4006","qr_61e2f84a-5633-4958-8b02-51810e86fb4b.png","710dbefee1726a830e5e5f8e055d6050",""
"d1bc6de4-0ffb-43fa-8472-45d1bb660dfa","E1012FD7431D438D","http://localhost:3000/r?uid=E1012FD7431D438D","qr_d1bc6de4-0ffb-43fa-8472-45d1bb660dfa.png","710dbefee1726a830e5e5f8e055d6050",""
"d352b511-54c0-49da-8fe8-fa6a3df91a24","51E8C34B3A3C4814","http://localhost:3000/r?uid=51E8C34B3A3C4814","qr_d352b511-54c0-49da-8fe8-fa6a3df91a24.png","710dbefee1726a830e5e5f8e055d6050",""
"6ae38cd7-c48b-4aff-b652-ce2a235fa4c0","6691061D92CD41EA","http://localhost:3000/r?uid=6691061D92CD41EA","qr_6ae38cd7-c48b-4aff-b652-ce2a235fa4c0.png","710dbefee1726a830e5e5f8e055d6050",""
"094d332c-4e84-4e0d-8610-0291a9e78478","A0C68DF86C294D17","http://localhost:3000/r?uid=A0C68DF86C294D17","qr_094d332c-4e84-4e0d-8610-0291a9e78478.png","710dbefee1726a830e5e5f8e055d6050",""
"15fc9c2a-2e2a-4157-b494-87652193072f","43619C04C52E49A9","http://localhost:3000/r?uid=43619C04C52E49A9","qr_15fc9c2a-2e2a-4157-b494-87652193072f.png","710dbefee1726a830e5e5f8e055d6050",""
"717190a1-45eb-4dc5-8842-b7e6972e0e98","2EE1233FBFDA4F5B","http://localhost:3000/r?uid=2EE1233FBFDA4F5B","qr_717190a1-45eb-4dc5-8842-b7e6972e0e98.png","710dbefee1726a830e5e5f8e055d6050",""
"0939c19a-0f47-4e54-9f15-39ec05eb2732","227E352DE74E4631","http://localhost:3000/r?uid=227E352DE74E4631","qr_0939c19a-0f47-4e54-9f15-39ec05eb2732.png","710dbefee1726a830e5e5f8e055d6050",""
"264bf16e-8aaf-432a-9f06-a92eef2435d7","9D23622D5F9544D9","http://localhost:3000/r?uid=9D23622D5F9544D9","qr_264bf16e-8aaf-432a-9f06-a92eef2435d7.png","710dbefee1726a830e5e5f8e055d6050",""
"51dc5b45-dc3c-425c-8af2-07a23a9cb718","3AB60AC331E441EF","http://localhost:3000/r?uid=3AB60AC331E441EF","qr_51dc5b45-dc3c-425c-8af2-07a23a9cb718.png","710dbefee1726a830e5e5f8e055d6050",""
"a4b352eb-a75f-4dda-9a50-d745aef810ae","A2FA8B711FF24C8A","http://localhost:3000/r?uid=A2FA8B711FF24C8A","qr_a4b352eb-a75f-4dda-9a50-d745aef810ae.png","710dbefee1726a830e5e5f8e055d6050",""
"eb5dc7df-2ede-452f-bae8-d08f34d83ccf","AF70FD36CA97452F","http://localhost:3000/r?uid=AF70FD36CA97452F","qr_eb5dc7df-2ede-452f-bae8-d08f34d83ccf.png","710dbefee1726a830e5e5f8e055d6050",""
"18459223-e12a-4fa3-9f5a-3bd6822df45a","612B714A9BAE4FF8","http://localhost:3000/r?uid=612B714A9BAE4FF8","qr_18459223-e12a-4fa3-9f5a-3bd6822df45a.png","710dbefee1726a830e5e5f8e055d6050",""
"8d10a7b7-ab6c-49ed-b23e-d004553d0731","83209E45033B4AF4","http://localhost:3000/r?uid=83209E45033B4AF4","qr_8d10a7b7-ab6c-49ed-b23e-d004553d0731.png","710dbefee1726a830e5e5f8e055d6050",""
"349a3a73-8c7a-4494-8f38-cd16a3d4a9cb","B7660F93B3B84274","http://localhost:3000/r?uid=B7660F93B3B84274","qr_349a3a73-8c7a-4494-8f38-cd16a3d4a9cb.png","710dbefee1726a830e5e5f8e055d6050",""
"0c73bf34-1926-453b-8f10-d64d37eb62ec","822695330F564AD3","http://localhost:3000/r?uid=822695330F564AD3","qr_0c73bf34-1926-453b-8f10-d64d37eb62ec.png","710dbefee1726a830e5e5f8e055d6050",""
"9b905a83-1fd0-4618-9db5-841975d19eb6","261C2B0966EB4BA7","http://localhost:3000/r?uid=261C2B0966EB4BA7","qr_9b905a83-1fd0-4618-9db5-841975d19eb6.png","710dbefee1726a830e5e5f8e055d6050",""
"d7c9ae94-c3aa-4cbc-aa53-9357807e8dd5","CB00F02C50194F9A","http://localhost:3000/r?uid=CB00F02C50194F9A","qr_d7c9ae94-c3aa-4cbc-aa53-9357807e8dd5.png","710dbefee1726a830e5e5f8e055d6050",""
"a8eba99f-1bb9-4dd7-9066-2181529e853d","C63DA5B9C73F440E","http://localhost:3000/r?uid=C63DA5B9C73F440E","qr_a8eba99f-1bb9-4dd7-9066-2181529e853d.png","710dbefee1726a830e5e5f8e055d6050",""
"81b36f16-fa7a-4440-98ce-24a2b902aa0f","4E07B1AC36E44865","http://localhost:3000/r?uid=4E07B1AC36E44865","qr_81b36f16-fa7a-4440-98ce-24a2b902aa0f.png","710dbefee1726a830e5e5f8e055d6050",""
"e88fd8f8-1061-4064-87d1-d89dec76ea6d","D6A0DEB52A69498E","http://localhost:3000/r?uid=D6A0DEB52A69498E","qr_e88fd8f8-1061-4064-87d1-d89dec76ea6d.png","710dbefee1726a830e5e5f8e055d6050",""
"d0bc91e0-e17e-48d7-b1ba-c7a48b97b666","B275D0265BF14695","http://localhost:3000/r?uid=B275D0265BF14695","qr_d0bc91e0-e17e-48d7-b1ba-c7a48b97b666.png","710dbefee1726a830e5e5f8e055d6050",""
"c26b0e1b-c3af-4f31-9c27-cd7b3aee7b67","9A3AD2B8362B4F0A","http://localhost:3000/r?uid=9A3AD2B8362B4F0A","qr_c26b0e1b-c3af-4f31-9c27-cd7b3aee7b67.png","710dbefee1726a830e5e5f8e055d6050",""
"42394c09-4fbc-45d5-a37d-c044f54736f3","69FD9E3451BF49E4","http://localhost:3000/r?uid=69FD9E3451BF49E4","qr_42394c09-4fbc-45d5-a37d-c044f54736f3.png","710dbefee1726a830e5e5f8e055d6050",""
"776649a5-a4ef-46df-a252-05f6564d7122","F43FDDD3731B49A4","http://localhost:3000/r?uid=F43FDDD3731B49A4","qr_776649a5-a4ef-46df-a252-05f6564d7122.png","710dbefee1726a830e5e5f8e055d6050",""
"d660b477-d9ad-471b-917a-67f531aba0df","766DA945CC304166","http://localhost:3000/r?uid=766DA945CC304166","qr_d660b477-d9ad-471b-917a-67f531aba0df.png","710dbefee1726a830e5e5f8e055d6050",""
"e2c7fbcd-6272-4099-acab-97186643a91a","FB5F811EC4E84428","http://localhost:3000/r?uid=FB5F811EC4E84428","qr_e2c7fbcd-6272-4099-acab-97186643a91a.png","710dbefee1726a830e5e5f8e055d6050",""
"b92fbbe1-c7c0-40c6-b86a-a426dbe57e6a","D6D54BA85E59495B","http://localhost:3000/r?uid=D6D54BA85E59495B","qr_b92fbbe1-c7c0-40c6-b86a-a426dbe57e6a.png","710dbefee1726a830e5e5f8e055d6050",""
"bf06f43d-45c1-439f-a6ab-7873e3e0dd16","DEA2A7D4CC014AA3","http://localhost:3000/r?uid=DEA2A7D4CC014AA3","qr_bf06f43d-45c1-439f-a6ab-7873e3e0dd16.png","710dbefee1726a830e5e5f8e055d6050",""
"68034540-fadf-4c47-afb2-1b4a34f161f0","389BFF156C5E44DE","http://localhost:3000/r?uid=389BFF156C5E44DE","qr_68034540-fadf-4c47-afb2-1b4a34f161f0.png","710dbefee1726a830e5e5f8e055d6050",""
"c5c524c0-64c3-47d3-a53e-7ebdbb186c86","8BBD99440C784610","http://localhost:3000/r?uid=8BBD99440C784610","qr_c5c524c0-64c3-47d3-a53e-7ebdbb186c86.png","710dbefee1726a830e5e5f8e055d6050",""
"8678e8e9-1d83-464e-9e68-05746e7e7dd5","01B1E995F7E04453","http://localhost:3000/r?uid=01B1E995F7E04453","qr_8678e8e9-1d83-464e-9e68-05746e7e7dd5.png","710dbefee1726a830e5e5f8e055d6050",""
"8095c69b-2475-4d17-a209-79d333fa8905","14DD83A02DAB4E69","http://localhost:3000/r?uid=14DD83A02DAB4E69","qr_8095c69b-2475-4d17-a209-79d333fa8905.png","710dbefee1726a830e5e5f8e055d6050",""
"5d3aa910-a996-40ef-bc09-fc82c7a7dfdf","04B61FBF1C144398","http://localhost:3000/r?uid=04B61FBF1C144398","qr_5d3aa910-a996-40ef-bc09-fc82c7a7dfdf.png","710dbefee1726a830e5e5f8e055d6050",""
"9cb1add8-493a-422f-88c7-9262af0f89e3","D394884F28A24733","http://localhost:3000/r?uid=D394884F28A24733","qr_9cb1add8-493a-422f-88c7-9262af0f89e3.png","710dbefee1726a830e5e5f8e055d6050",""
"92c10199-ead3-4bfd-aeb5-b8e801f40fd4","708269BB66774877","http://localhost:3000/r?uid=708269BB66774877","qr_92c10199-ead3-4bfd-aeb5-b8e801f40fd4.png","710dbefee1726a830e5e5f8e055d6050",""
"d78b0905-79e2-4746-9a4b-72d96deb3083","85D5680693B14FB2","http://localhost:3000/r?uid=85D5680693B14FB2","qr_d78b0905-79e2-4746-9a4b-72d96deb3083.png","710dbefee1726a830e5e5f8e055d6050",""
"57860c91-6127-4a83-94f2-d9296cb70318","F943DB96A505455E","http://localhost:3000/r?uid=F943DB96A505455E","qr_57860c91-6127-4a83-94f2-d9296cb70318.png","710dbefee1726a830e5e5f8e055d6050",""
"37756e7b-e194-48cf-87dc-18e02283bff4","B4192C0671D247CC","http://localhost:3000/r?uid=B4192C0671D247CC","qr_37756e7b-e194-48cf-87dc-18e02283bff4.png","710dbefee1726a830e5e5f8e055d6050",""
"8eedb79d-c250-4555-98f3-e4d8bef1ecf1","27CCB08BB4604837","http://localhost:3000/r?uid=27CCB08BB4604837","qr_8eedb79d-c250-4555-98f3-e4d8bef1ecf1.png","710dbefee1726a830e5e5f8e055d6050",""
"4adbcacc-b95f-478b-ac14-cbe4411c1167","EBBED068D2624675","http://localhost:3000/r?uid=EBBED068D2624675","qr_4adbcacc-b95f-478b-ac14-cbe4411c1167.png","710dbefee1726a830e5e5f8e055d6050",""
"540fc3cb-8e99-4307-b882-be28895e65da","C399515563384771","http://localhost:3000/r?uid=C399515563384771","qr_540fc3cb-8e99-4307-b882-be28895e65da.png","710dbefee1726a830e5e5f8e055d6050",""
"af3a1e3d-65c8-4559-b064-8b22276799f2","1424668FA172482F","http://localhost:3000/r?uid=1424668FA172482F","qr_af3a1e3d-65c8-4559-b064-8b22276799f2.png","710dbefee1726a830e5e5f8e055d6050",""
"bc868402-dad2-4887-8e67-3d8aea05b824","E6B2CC63B1A14CA0","http://localhost:3000/r?uid=E6B2CC63B1A14CA0","qr_bc868402-dad2-4887-8e67-3d8aea05b824.png","710dbefee1726a830e5e5f8e055d6050",""
"3313b400-d064-4162-99a9-30ff44e5889e","BD14A0FF5453496B","http://localhost:3000/r?uid=BD14A0FF5453496B","qr_3313b400-d064-4162-99a9-30ff44e5889e.png","710dbefee1726a830e5e5f8e055d6050",""
"25374cb6-dc31-4c33-9567-35cd202b0db2","94A84BA1F2C24FA4","http://localhost:3000/r?uid=94A84BA1F2C24FA4","qr_25374cb6-dc31-4c33-9567-35cd202b0db2.png","710dbefee1726a830e5e5f8e055d6050",""
"a25cd0a6-422d-4881-8f3e-a44d560c2a11","11A58139966B44EE","http://localhost:3000/r?uid=11A58139966B44EE","qr_a25cd0a6-422d-4881-8f3e-a44d560c2a11.png","710dbefee1726a830e5e5f8e055d6050",""
"58677b17-f6d1-4a9b-baff-ef9a98d334a1","0790A3BEB86D4B9F","http://localhost:3000/r?uid=0790A3BEB86D4B9F","qr_58677b17-f6d1-4a9b-baff-ef9a98d334a1.png","710dbefee1726a830e5e5f8e055d6050",""
"adbe0383-a567-4736-9b46-289b1cfe57ef","D72178F2E0004DDC","http://localhost:3000/r?uid=D72178F2E0004DDC","qr_adbe0383-a567-4736-9b46-289b1cfe57ef.png","710dbefee1726a830e5e5f8e055d6050",""
"e5576b46-f445-420a-bd1d-7fdb7602a619","7D3F405E1677400C","http://localhost:3000/r?uid=7D3F405E1677400C","qr_e5576b46-f445-420a-bd1d-7fdb7602a619.png","710dbefee1726a830e5e5f8e055d6050",""
"d21c9239-15de-4726-853f-a92a288b1e40","68FC424D49AD4890","http://localhost:3000/r?uid=68FC424D49AD4890","qr_d21c9239-15de-4726-853f-a92a288b1e40.png","710dbefee1726a830e5e5f8e055d6050",""
"d2382ae1-98a0-4f37-8518-2d05e612b5fb","8BCF63C4FA2F4ECB","http://localhost:3000/r?uid=8BCF63C4FA2F4ECB","qr_d2382ae1-98a0-4f37-8518-2d05e612b5fb.png","710dbefee1726a830e5e5f8e055d6050",""
"f9febe00-e968-422a-bb84-ff2f7b403267","D03B2137D30E4EE5","http://localhost:3000/r?uid=D03B2137D30E4EE5","qr_f9febe00-e968-422a-bb84-ff2f7b403267.png","710dbefee1726a830e5e5f8e055d6050",""
"dc5dd555-eab3-4f44-8df6-7f072fe7f477","3135A73BC96A4248","http://localhost:3000/r?uid=3135A73BC96A4248","qr_dc5dd555-eab3-4f44-8df6-7f072fe7f477.png","710dbefee1726a830e5e5f8e055d6050",""
"5bf0e189-838e-473c-b2b1-9b3264c2bdea","58251C9692444FB8","http://localhost:3000/r?uid=58251C9692444FB8","qr_5bf0e189-838e-473c-b2b1-9b3264c2bdea.png","710dbefee1726a830e5e5f8e055d6050",""
"e59fb5dd-6e2c-4b31-ac36-dd1d06927d7c","3F93982E7BBE4F3C","http://localhost:3000/r?uid=3F93982E7BBE4F3C","qr_e59fb5dd-6e2c-4b31-ac36-dd1d06927d7c.png","710dbefee1726a830e5e5f8e055d6050",""
"2d05f30d-6eee-4c42-9834-0d32289cfc0a","34DEA6AB36D24444","http://localhost:3000/r?uid=34DEA6AB36D24444","qr_2d05f30d-6eee-4c42-9834-0d32289cfc0a.png","710dbefee1726a830e5e5f8e055d6050",""
"0f5d39c0-9135-4750-b69b-7c5215eb8184","A01D04508E6F4EE5","http://localhost:3000/r?uid=A01D04508E6F4EE5","qr_0f5d39c0-9135-4750-b69b-7c5215eb8184.png","710dbefee1726a830e5e5f8e055d6050",""
"0bd93764-7034-496c-aa69-0fe277a82e53","B19C244D2ED440F3","http://localhost:3000/r?uid=B19C244D2ED440F3","qr_0bd93764-7034-496c-aa69-0fe277a82e53.png","710dbefee1726a830e5e5f8e055d6050",""
"0a0e8e56-a4a7-42d8-b634-a5a927b7e824","2B8665F51FCF48A9","http://localhost:3000/r?uid=2B8665F51FCF48A9","qr_0a0e8e56-a4a7-42d8-b634-a5a927b7e824.png","710dbefee1726a830e5e5f8e055d6050",""
"56982cdd-60d4-45e9-a8ba-160619303342","7D84670928D04D7E","http://localhost:3000/r?uid=7D84670928D04D7E","qr_56982cdd-60d4-45e9-a8ba-160619303342.png","710dbefee1726a830e5e5f8e055d6050",""
"295da0a8-afaa-4810-be46-33163571a1c6","4C323CAAFBAD4D07","http://localhost:3000/r?uid=4C323CAAFBAD4D07","qr_295da0a8-afaa-4810-be46-33163571a1c6.png","710dbefee1726a830e5e5f8e055d6050",""
"0bc2d485-5a01-4b58-b3ff-32949cdabf83","53AD0E3388724FA4","http://localhost:3000/r?uid=53AD0E3388724FA4","qr_0bc2d485-5a01-4b58-b3ff-32949cdabf83.png","710dbefee1726a830e5e5f8e055d6050",""
"a67c64d4-144e-4aff-84fb-997088b506a3","BC9F14A3C7E544B5","http://localhost:3000/r?uid=BC9F14A3C7E544B5","qr_a67c64d4-144e-4aff-84fb-997088b506a3.png","710dbefee1726a830e5e5f8e055d6050",""
"34e659bb-420d-47c4-bbdd-173e46074bf4","C817BED32CA349BE","http://localhost:3000/r?uid=C817BED32CA349BE","qr_34e659bb-420d-47c4-bbdd-173e46074bf4.png","710dbefee1726a830e5e5f8e055d6050",""
"a8e50655-0acf-40aa-acf9-97836f4d5594","81FB216C6238437B","http://localhost:3000/r?uid=81FB216C6238437B","qr_a8e50655-0acf-40aa-acf9-97836f4d5594.png","710dbefee1726a830e5e5f8e055d6050",""
"1af2ffc9-1c80-4837-a738-f5a9575056f5","2627DB6C3AF14972","http://localhost:3000/r?uid=2627DB6C3AF14972","qr_1af2ffc9-1c80-4837-a738-f5a9575056f5.png","710dbefee1726a830e5e5f8e055d6050",""
"d4fbeb4a-d4a4-4be2-9c70-0bde740853fe","87CB74A151A241AE","http://localhost:3000/r?uid=87CB74A151A241AE","qr_d4fbeb4a-d4a4-4be2-9c70-0bde740853fe.png","710dbefee1726a830e5e5f8e055d6050",""
"dbf36480-7b54-49e4-a54e-d643a459934b","0704F16336F64054","http://localhost:3000/r?uid=0704F16336F64054","qr_dbf36480-7b54-49e4-a54e-d643a459934b.png","710dbefee1726a830e5e5f8e055d6050",""
"aca47b45-f437-486f-a28a-caa9c1c6f1c8","3D568ECFFF2D4B3F","http://localhost:3000/r?uid=3D568ECFFF2D4B3F","qr_aca47b45-f437-486f-a28a-caa9c1c6f1c8.png","710dbefee1726a830e5e5f8e055d6050",""
"2594c96b-4b17-4f59-aacd-445fd9187d43","25AF3247D7384DDF","http://localhost:3000/r?uid=25AF3247D7384DDF","qr_2594c96b-4b17-4f59-aacd-445fd9187d43.png","710dbefee1726a830e5e5f8e055d6050",""
"9de2cffd-f7cf-4c6b-8678-2b4ed27c2100","BAB1070EE0D34079","http://localhost:3000/r?uid=BAB1070EE0D34079","qr_9de2cffd-f7cf-4c6b-8678-2b4ed27c2100.png","710dbefee1726a830e5e5f8e055d6050",""
"930fc2f2-f75f-4fbb-ab47-cb0a068f994d","8316443E192F4E49","http://localhost:3000/r?uid=8316443E192F4E49","qr_930fc2f2-f75f-4fbb-ab47-cb0a068f994d.png","710dbefee1726a830e5e5f8e055d6050",""
"e0deae9f-2252-4fd0-8ef9-56c7e6e6ff50","54A06C1AC4724297","http://localhost:3000/r?uid=54A06C1AC4724297","qr_e0deae9f-2252-4fd0-8ef9-56c7e6e6ff50.png","710dbefee1726a830e5e5f8e055d6050",""
"b146a27b-8dfa-42f4-affd-2856afebc04d","6F4120042CEC4244","http://localhost:3000/r?uid=6F4120042CEC4244","qr_b146a27b-8dfa-42f4-affd-2856afebc04d.png","710dbefee1726a830e5e5f8e055d6050",""
"6197fd1a-e50d-4eb8-9839-d491aaac988b","F67C6CDCB76048EE","http://localhost:3000/r?uid=F67C6CDCB76048EE","qr_6197fd1a-e50d-4eb8-9839-d491aaac988b.png","710dbefee1726a830e5e5f8e055d6050",""
"4dffb39a-52f3-443c-9a8b-e0e65c18b7d9","EA912475D5354AB2","http://localhost:3000/r?uid=EA912475D5354AB2","qr_4dffb39a-52f3-443c-9a8b-e0e65c18b7d9.png","710dbefee1726a830e5e5f8e055d6050",""
"a8fe375b-aa91-4ff6-ac51-4f7ba5c923ce","C92E77F37D9547A7","http://localhost:3000/r?uid=C92E77F37D9547A7","qr_a8fe375b-aa91-4ff6-ac51-4f7ba5c923ce.png","710dbefee1726a830e5e5f8e055d6050",""
"7255dcae-0cda-4318-a4b2-56ed736fdba4","AF676F6A4A51472A","http://localhost:3000/r?uid=AF676F6A4A51472A","qr_7255dcae-0cda-4318-a4b2-56ed736fdba4.png","710dbefee1726a830e5e5f8e055d6050",""
"3021e6e4-ea68-481e-a3f8-1390e08d10eb","A4DE1B0DE9A24105","http://localhost:3000/r?uid=A4DE1B0DE9A24105","qr_3021e6e4-ea68-481e-a3f8-1390e08d10eb.png","710dbefee1726a830e5e5f8e055d6050",""
"87aad1ca-f43a-4c92-a493-912f9728344b","147E94F1FC904CEF","http://localhost:3000/r?uid=147E94F1FC904CEF","qr_87aad1ca-f43a-4c92-a493-912f9728344b.png","710dbefee1726a830e5e5f8e055d6050",""
"4b099704-ca04-4c62-909d-3690e8b57492","F1E81F25AD6A494E","http://localhost:3000/r?uid=F1E81F25AD6A494E","qr_4b099704-ca04-4c62-909d-3690e8b57492.png","710dbefee1726a830e5e5f8e055d6050",""
"e5389dca-bb55-4f09-9cbb-e7a945fe8722","A5F1437CF3144ED8","http://localhost:3000/r?uid=A5F1437CF3144ED8","qr_e5389dca-bb55-4f09-9cbb-e7a945fe8722.png","710dbefee1726a830e5e5f8e055d6050",""
"24f7f0fd-c080-44c6-ba76-b8e16342539b","DEAB31A3F0594F19","http://localhost:3000/r?uid=DEAB31A3F0594F19","qr_24f7f0fd-c080-44c6-ba76-b8e16342539b.png","710dbefee1726a830e5e5f8e055d6050",""
"f0682b8a-56a4-47a2-8d5c-07c5b74e2878","5557C3AD947247EF","http://localhost:3000/r?uid=5557C3AD947247EF","qr_f0682b8a-56a4-47a2-8d5c-07c5b74e2878.png","710dbefee1726a830e5e5f8e055d6050",""
"be0e3e2a-1711-4359-ba70-5b641a3a73df","3D7FD13A14AB421F","http://localhost:3000/r?uid=3D7FD13A14AB421F","qr_be0e3e2a-1711-4359-ba70-5b641a3a73df.png","710dbefee1726a830e5e5f8e055d6050",""
"032d1e8f-e599-420f-af99-387350b9dc1f","FF124393D4FA422E","http://localhost:3000/r?uid=FF124393D4FA422E","qr_032d1e8f-e599-420f-af99-387350b9dc1f.png","710dbefee1726a830e5e5f8e055d6050",""
"054d1423-a031-4079-a486-6ff1ead580c7","F4AEEBCF021B4261","http://localhost:3000/r?uid=F4AEEBCF021B4261","qr_054d1423-a031-4079-a486-6ff1ead580c7.png","710dbefee1726a830e5e5f8e055d6050",""
"3d558e1b-3205-42d3-9ce0-365e98cfb5dd","8D67CA6A29A543E7","http://localhost:3000/r?uid=8D67CA6A29A543E7","qr_3d558e1b-3205-42d3-9ce0-365e98cfb5dd.png","710dbefee1726a830e5e5f8e055d6050",""
"b251aa3c-f80c-45af-8efa-8c80083c0a4f","011E5D5C039E4ED1","http://localhost:3000/r?uid=011E5D5C039E4ED1","qr_b251aa3c-f80c-45af-8efa-8c80083c0a4f.png","710dbefee1726a830e5e5f8e055d6050",""
"6dfb0187-6d42-4883-9a07-0253e6ad4b17","1F156416F5E544FB","http://localhost:3000/r?uid=1F156416F5E544FB","qr_6dfb0187-6d42-4883-9a07-0253e6ad4b17.png","710dbefee1726a830e5e5f8e055d6050",""
"39082024-a74d-4993-a350-a1468e8893db","2B96CEB0F30A48CF","http://localhost:3000/r?uid=2B96CEB0F30A48CF","qr_39082024-a74d-4993-a350-a1468e8893db.png","710dbefee1726a830e5e5f8e055d6050",""
"af6816a5-568c-427d-b3ef-b79b5b6e820e","BC13F037C5B74F27","http://localhost:3000/r?uid=BC13F037C5B74F27","qr_af6816a5-568c-427d-b3ef-b79b5b6e820e.png","710dbefee1726a830e5e5f8e055d6050",""
"2d0feb54-0c76-49a3-9c0c-1fa9dc04d88c","9A39B4AD715E4063","http://localhost:3000/r?uid=9A39B4AD715E4063","qr_2d0feb54-0c76-49a3-9c0c-1fa9dc04d88c.png","710dbefee1726a830e5e5f8e055d6050",""
"d82e42ff-dc9c-48ed-80f4-47c7ecad2165","C933802660024CFE","http://localhost:3000/r?uid=C933802660024CFE","qr_d82e42ff-dc9c-48ed-80f4-47c7ecad2165.png","710dbefee1726a830e5e5f8e055d6050",""
"7928145b-0737-4d3a-9ed4-20ec0c7c2063","3F4F72931F92408F","http://localhost:3000/r?uid=3F4F72931F92408F","qr_7928145b-0737-4d3a-9ed4-20ec0c7c2063.png","710dbefee1726a830e5e5f8e055d6050",""
"2ac9aca2-2faf-4162-882e-e27ebc307f37","B06EB7018EEE4BE1","http://localhost:3000/r?uid=B06EB7018EEE4BE1","qr_2ac9aca2-2faf-4162-882e-e27ebc307f37.png","710dbefee1726a830e5e5f8e055d6050",""
"3b5a77bd-e3a6-414c-bed2-da10a77e3e6a","FB1502A0C6594927","http://localhost:3000/r?uid=FB1502A0C6594927","qr_3b5a77bd-e3a6-414c-bed2-da10a77e3e6a.png","710dbefee1726a830e5e5f8e055d6050",""
"27dd166b-d891-4f17-98a5-0f89040363e2","02988CEA580A483F","http://localhost:3000/r?uid=02988CEA580A483F","qr_27dd166b-d891-4f17-98a5-0f89040363e2.png","710dbefee1726a830e5e5f8e055d6050",""
"9092a255-dcc6-4485-9eeb-ae2fb5b98697","83CE466A972C492D","http://localhost:3000/r?uid=83CE466A972C492D","qr_9092a255-dcc6-4485-9eeb-ae2fb5b98697.png","710dbefee1726a830e5e5f8e055d6050",""
"8c3d0725-29d1-42e8-b930-217c71ff7c2d","0083E3F957774496","http://localhost:3000/r?uid=0083E3F957774496","qr_8c3d0725-29d1-42e8-b930-217c71ff7c2d.png","710dbefee1726a830e5e5f8e055d6050",""
"ab8e6bfa-96fb-46a6-9a11-570718cb9575","3CCCC8CCB02F495F","http://localhost:3000/r?uid=3CCCC8CCB02F495F","qr_ab8e6bfa-96fb-46a6-9a11-570718cb9575.png","710dbefee1726a830e5e5f8e055d6050",""
"b2c3d83c-9bb3-4648-9495-964e8973868c","7373537FADC64585","http://localhost:3000/r?uid=7373537FADC64585","qr_b2c3d83c-9bb3-4648-9495-964e8973868c.png","710dbefee1726a830e5e5f8e055d6050",""
"a79205a0-a28a-4fd5-a2fc-35faba66f2fe","21F8ADF8CDAB4246","http://localhost:3000/r?uid=21F8ADF8CDAB4246","qr_a79205a0-a28a-4fd5-a2fc-35faba66f2fe.png","710dbefee1726a830e5e5f8e055d6050",""
"f1460af8-98fb-48f4-bb84-5a9f152a60e8","524C9193F10E4651","http://localhost:3000/r?uid=524C9193F10E4651","qr_f1460af8-98fb-48f4-bb84-5a9f152a60e8.png","710dbefee1726a830e5e5f8e055d6050",""
"10fb6a81-dbc1-4436-80b1-911e5fcd650d","DC292E206FE54F22","http://localhost:3000/r?uid=DC292E206FE54F22","qr_10fb6a81-dbc1-4436-80b1-911e5fcd650d.png","710dbefee1726a830e5e5f8e055d6050",""
"2d6b51ba-babb-400c-ba6b-247f27f9e7f9","9181D9A76CF34E69","http://localhost:3000/r?uid=9181D9A76CF34E69","qr_2d6b51ba-babb-400c-ba6b-247f27f9e7f9.png","710dbefee1726a830e5e5f8e055d6050",""
"be57686c-7e1b-4675-bdd3-0a2d846286f4","F60EF42B9BDF412A","http://localhost:3000/r?uid=F60EF42B9BDF412A","qr_be57686c-7e1b-4675-bdd3-0a2d846286f4.png","710dbefee1726a830e5e5f8e055d6050",""
"0e52767f-3935-4b91-968e-38336db4e57a","B04895DDFE5E4B65","http://localhost:3000/r?uid=B04895DDFE5E4B65","qr_0e52767f-3935-4b91-968e-38336db4e57a.png","710dbefee1726a830e5e5f8e055d6050",""
"01d13094-7ff1-4f21-90ac-10c400e2b5e5","C940F08BBF374361","http://localhost:3000/r?uid=C940F08BBF374361","qr_01d13094-7ff1-4f21-90ac-10c400e2b5e5.png","710dbefee1726a830e5e5f8e055d6050",""
"aec553d6-8440-47ab-af3f-8145ab2c4745","1471B42D7220466A","http://localhost:3000/r?uid=1471B42D7220466A","qr_aec553d6-8440-47ab-af3f-8145ab2c4745.png","710dbefee1726a830e5e5f8e055d6050",""
"ed40c010-f2c4-4c4e-a091-cb6ae4616465","97E348AA03154782","http://localhost:3000/r?uid=97E348AA03154782","qr_ed40c010-f2c4-4c4e-a091-cb6ae4616465.png","710dbefee1726a830e5e5f8e055d6050",""
"be549428-e1a0-4c37-bf6d-16ff069f9475","9EA4E4F6177C4A49","http://localhost:3000/r?uid=9EA4E4F6177C4A49","qr_be549428-e1a0-4c37-bf6d-16ff069f9475.png","710dbefee1726a830e5e5f8e055d6050",""
"3c83088a-dec3-4a72-bca5-2bce988741d9","A52AD982ABC04668","http://localhost:3000/r?uid=A52AD982ABC04668","qr_3c83088a-dec3-4a72-bca5-2bce988741d9.png","710dbefee1726a830e5e5f8e055d6050",""
"c1f8bcdc-b94a-4b0a-99d0-fec9e7990fa5","13061F9B81BC4319","http://localhost:3000/r?uid=13061F9B81BC4319","qr_c1f8bcdc-b94a-4b0a-99d0-fec9e7990fa5.png","710dbefee1726a830e5e5f8e055d6050",""
"63f9c2b9-4da7-43b9-bcaf-e10246ad59c9","8C2C658902164AD2","http://localhost:3000/r?uid=8C2C658902164AD2","qr_63f9c2b9-4da7-43b9-bcaf-e10246ad59c9.png","710dbefee1726a830e5e5f8e055d6050",""
"e1f095df-21aa-4f49-b238-fab51e346d74","1BC3EE5AF2DD435F","http://localhost:3000/r?uid=1BC3EE5AF2DD435F","qr_e1f095df-21aa-4f49-b238-fab51e346d74.png","710dbefee1726a830e5e5f8e055d6050",""
"2f0faceb-d164-4770-baaa-4885fa8584a7","9E22C579135E4F61","http://localhost:3000/r?uid=9E22C579135E4F61","qr_2f0faceb-d164-4770-baaa-4885fa8584a7.png","710dbefee1726a830e5e5f8e055d6050",""
"3f5af3da-a9c4-43d5-84fd-d08e09e6df3b","69FE5334D6CE4B4A","http://localhost:3000/r?uid=69FE5334D6CE4B4A","qr_3f5af3da-a9c4-43d5-84fd-d08e09e6df3b.png","710dbefee1726a830e5e5f8e055d6050",""
"11d8ca86-c8de-46c8-94e6-62da68ccb698","E2847113D42C44DB","http://localhost:3000/r?uid=E2847113D42C44DB","qr_11d8ca86-c8de-46c8-94e6-62da68ccb698.png","710dbefee1726a830e5e5f8e055d6050",""
"90187a90-20eb-4266-9832-6388714daff5","7890B1631DA743E5","http://localhost:3000/r?uid=7890B1631DA743E5","qr_90187a90-20eb-4266-9832-6388714daff5.png","710dbefee1726a830e5e5f8e055d6050",""
"5c3039c2-931a-46a3-9822-166c551d8707","3F240C59B8D64703","http://localhost:3000/r?uid=3F240C59B8D64703","qr_5c3039c2-931a-46a3-9822-166c551d8707.png","710dbefee1726a830e5e5f8e055d6050",""
"049f50fb-da0a-44d8-bc5b-398d2185192c","FAD26DF248354918","http://localhost:3000/r?uid=FAD26DF248354918","qr_049f50fb-da0a-44d8-bc5b-398d2185192c.png","710dbefee1726a830e5e5f8e055d6050",""
"81a12bd9-e08c-4b1f-af42-8c1a78695379","9F85670A7C8D4691","http://localhost:3000/r?uid=9F85670A7C8D4691","qr_81a12bd9-e08c-4b1f-af42-8c1a78695379.png","710dbefee1726a830e5e5f8e055d6050",""
"8ff31c01-55c7-4b22-9270-a50c9cadffad","DE6F7DC8265D4E61","http://localhost:3000/r?uid=DE6F7DC8265D4E61","qr_8ff31c01-55c7-4b22-9270-a50c9cadffad.png","710dbefee1726a830e5e5f8e055d6050",""
"b99f711b-0ff1-4257-b6a8-44198b120962","AA48FD4F576F4380","http://localhost:3000/r?uid=AA48FD4F576F4380","qr_b99f711b-0ff1-4257-b6a8-44198b120962.png","710dbefee1726a830e5e5f8e055d6050",""
"e82f0074-fe0e-45e4-99b2-010b09d33cf9","BDFAE60E2BD44DD6","http://localhost:3000/r?uid=BDFAE60E2BD44DD6","qr_e82f0074-fe0e-45e4-99b2-010b09d33cf9.png","710dbefee1726a830e5e5f8e055d6050",""
"289ab927-03a7-401f-a066-f18cc976abd4","1F83E24EA2264726","http://localhost:3000/r?uid=1F83E24EA2264726","qr_289ab927-03a7-401f-a066-f18cc976abd4.png","710dbefee1726a830e5e5f8e055d6050",""
"339edce5-ec8c-43f6-a744-88179a5b5b19","83E8835C47FB408C","http://localhost:3000/r?uid=83E8835C47FB408C","qr_339edce5-ec8c-43f6-a744-88179a5b5b19.png","710dbefee1726a830e5e5f8e055d6050",""
"73a789fa-1f6a-406f-ae03-8115c418cf92","86C715A28EB9424B","http://localhost:3000/r?uid=86C715A28EB9424B","qr_73a789fa-1f6a-406f-ae03-8115c418cf92.png","710dbefee1726a830e5e5f8e055d6050",""
"7547c231-5fd2-4053-acbf-354c48a71275","0E7CE97C62E54FDC","http://localhost:3000/r?uid=0E7CE97C62E54FDC","qr_7547c231-5fd2-4053-acbf-354c48a71275.png","710dbefee1726a830e5e5f8e055d6050",""
"5cbd0040-6391-4214-b51c-a098f350cbf6","40A9FE3CD1594146","http://localhost:3000/r?uid=40A9FE3CD1594146","qr_5cbd0040-6391-4214-b51c-a098f350cbf6.png","710dbefee1726a830e5e5f8e055d6050",""
"7f0c377f-1846-4739-8b6f-602c7e0f2cf1","E41FDDD5C0FE4AC9","http://localhost:3000/r?uid=E41FDDD5C0FE4AC9","qr_7f0c377f-1846-4739-8b6f-602c7e0f2cf1.png","710dbefee1726a830e5e5f8e055d6050",""
"50c053f1-4249-4faa-a0ac-792f7141ccb5","F8C5E9AF47734839","http://localhost:3000/r?uid=F8C5E9AF47734839","qr_50c053f1-4249-4faa-a0ac-792f7141ccb5.png","710dbefee1726a830e5e5f8e055d6050",""
"7e26f8ba-49dc-45bd-b8c6-7e2581308669","975239B274A54AFE","http://localhost:3000/r?uid=975239B274A54AFE","qr_7e26f8ba-49dc-45bd-b8c6-7e2581308669.png","710dbefee1726a830e5e5f8e055d6050",""
"7a7ce4d8-4249-488a-86a3-d9912dd9d0ba","2C4CB6810AEA4020","http://localhost:3000/r?uid=2C4CB6810AEA4020","qr_7a7ce4d8-4249-488a-86a3-d9912dd9d0ba.png","710dbefee1726a830e5e5f8e055d6050",""